,2017-01-01,2017-02-01,2017-03-01,2017-04-01,2017-05-01,2017-06-01,2017-07-01,2017-08-01,2017-09-01,2017-10-01,2017-11-01,2017-12-01,2018-01-01,2018-02-01,2018-03-01,2018-04-01,2018-05-01,2018-06-01,2018-07-01,2018-08-01,2018-09-01,2018-10-01,2018-11-01,2018-12-01,2019-01-01,2019-02-01,2019-03-01,2019-04-01,2019-05-01,2019-06-01,2019-07-01,2019-08-01,2019-09-01,2019-10-01,2019-11-01,2019-12-01,2020-01-01
MMM,67.71,67.71,67.71,66.42,65.66,65.66,65.66,65.66,65.66,64.21,64.21,64.21,64.21,64.21,63.81,65.84,65.84,65.84,65.84,65.84,65.84,65.84,64.97,65.12,65.12,64.14,64.14,64.54,64.54,64.24,64.24,64.24,64.24,64.24,64.24,34.53,34.53
AOS,46.51,46.51,46.51,46.51,46.51,46.51,46.51,46.51,46.87,47.18,47.18,47.18,47.18,47.18,47.18,47.18,47.18,47.18,47.18,47.18,47.43,47.43,47.33,46.73,46.73,46.73,46.73,46.73,46.73,46.69,46.61,46.61,46.61,46.61,46.61,46.18,25.14
ABT,67.74,67.74,67.74,67.74,67.86,67.06,67.86,67.06,67.06,66.41,66.41,66.41,64.31,64.31,64.31,64.31,64.31,64.31,63.5,63.5,63.5,63.5,63.6,62.57,62.57,62.57,61.87,61.87,61.87,63.07,63.07,63.07,63.07,63.07,63.07,30.62,30.62
ABBV,63.0,63.0,66.13,66.09,66.23,66.23,66.23,66.23,66.23,66.44,66.44,66.44,66.44,66.44,66.47,66.33,66.33,66.33,66.33,66.26,66.26,66.26,64.13,64.13,64.13,64.19,64.19,64.19,64.19,64.19,64.19,65.67,65.67,65.17,65.17,30.35,30.35
ACN,74.58,74.58,74.58,74.58,74.58,74.58,74.58,74.58,74.58,74.18,74.18,74.18,74.18,74.89,74.89,74.89,74.89,74.89,74.89,74.89,74.89,74.76,74.56,74.56,74.56,74.56,74.56,73.76,73.76,73.76,73.76,73.76,73.76,73.71,73.71,15.32,15.32
ATVI,46.86,46.86,46.86,46.86,46.86,46.91,46.86,46.91,46.91,47.44,47.44,47.44,47.44,47.44,47.44,47.44,47.44,47.44,47.44,47.37,47.37,47.35,48.08,48.35,48.35,48.35,48.35,48.35,48.35,48.35,48.35,48.35,48.35,48.35,49.0,48.65,16.71
ADM,55.96,55.96,57.08,57.08,57.08,57.08,57.08,57.94,57.94,57.34,57.34,57.34,58.04,58.04,58.04,58.04,58.04,58.04,57.14,57.14,57.14,57.14,56.92,57.99,57.99,57.14,56.24,56.24,56.77,56.2,56.2,58.73,58.73,58.73,58.87,58.29,35.39
ADBE,73.25,73.25,73.25,73.25,73.5,73.5,73.5,67.68,67.68,68.67,68.67,68.67,68.67,68.67,68.67,68.67,68.67,68.67,68.67,68.67,68.67,68.17,68.07,68.25,68.25,68.25,67.03,67.03,67.03,67.03,67.03,69.43,69.43,69.43,69.41,13.44,13.59
ADP,50.3,50.3,50.3,50.3,50.3,50.3,50.3,50.3,52.97,53.95,53.95,53.95,53.95,53.95,53.95,53.95,53.95,53.95,53.95,53.95,53.95,54.93,54.93,54.93,54.93,57.77,57.7,57.7,57.7,57.7,57.7,57.7,57.7,57.85,56.75,14.81,14.81
AAP,47.04,47.04,47.04,47.04,47.04,47.04,47.04,47.04,47.04,47.42,47.36,47.36,49.33,49.33,49.33,49.33,49.33,49.33,49.33,49.33,49.33,47.37,47.37,47.37,46.42,46.42,46.42,46.42,46.42,46.42,46.42,46.42,46.42,46.42,46.47,44.92,13.38
AES,68.01,68.01,68.01,66.38,66.92,66.92,66.92,66.06,66.06,64.99,64.99,64.99,64.99,64.99,64.99,64.02,64.02,64.02,64.02,64.02,64.02,63.87,63.97,63.97,63.97,63.97,64.11,64.11,64.11,64.11,64.15,64.15,66.35,66.39,66.14,65.24,33.69
AFL,56.7,56.7,56.7,56.7,57.41,57.41,57.41,57.41,57.41,57.74,57.74,57.74,57.74,56.12,56.12,56.12,56.12,56.12,56.12,56.12,56.12,56.25,53.47,53.69,53.69,53.69,53.69,53.69,53.69,53.69,53.69,53.69,53.69,53.69,53.89,53.37,24.38
A,66.25,66.25,66.25,66.25,66.39,66.39,66.39,66.39,66.39,65.76,65.76,65.76,65.76,65.76,64.45,65.58,65.58,65.58,65.58,65.58,65.58,65.58,65.42,65.42,65.42,65.42,65.28,66.53,66.53,66.53,66.53,66.53,66.53,66.47,66.47,66.38,17.52
APD,72.05,72.05,72.05,72.08,70.83,70.83,70.83,70.83,70.83,69.28,69.28,69.28,69.28,69.28,69.28,69.28,69.28,69.28,69.28,69.28,69.28,69.14,69.62,69.62,71.64,71.64,71.64,71.64,72.09,71.14,71.14,71.14,71.14,71.17,71.17,70.35,12.32
AKAM,55.41,55.41,55.41,55.41,56.41,56.41,56.41,56.41,58.12,59.29,59.29,59.29,59.29,59.29,59.29,59.29,59.29,59.29,59.29,61.25,61.25,61.25,61.25,61.78,61.78,61.78,61.78,61.78,61.78,61.78,62.28,62.28,62.28,62.28,61.11,61.14,20.94
ALB,65.89,65.89,65.89,65.9,64.05,64.05,64.05,64.05,64.05,62.52,62.52,62.52,62.52,62.52,62.52,63.47,63.47,61.47,61.47,61.47,61.47,61.47,61.58,61.58,61.58,61.48,61.42,61.42,61.42,61.38,61.38,61.38,61.38,61.38,58.19,57.82,37.26
ARE,56.01,56.01,56.01,56.01,55.26,55.26,55.26,57.23,57.23,56.58,56.58,56.58,56.58,56.58,56.58,56.58,56.58,56.58,56.58,56.58,56.82,56.82,56.73,56.73,56.73,56.73,56.73,56.73,56.73,56.73,57.22,57.53,57.53,57.53,57.53,56.63,14.81
ALLE,55.77,55.77,55.77,55.77,55.77,55.77,55.77,55.77,56.26,57.45,57.45,57.45,57.45,57.45,57.45,57.45,57.45,57.45,57.45,55.53,55.53,55.53,55.53,55.53,55.53,55.53,55.53,55.53,55.53,55.53,55.53,55.53,55.96,55.96,55.96,56.75,23.91
LNT,57.82,57.82,57.82,57.82,57.15,57.15,57.15,57.15,57.15,55.79,57.23,57.23,57.19,57.19,57.19,57.19,57.19,57.19,57.19,57.19,57.19,57.41,57.61,58.05,58.05,62.93,63.32,63.32,63.32,63.32,63.32,63.32,63.32,63.32,63.42,63.97,35.42
ALL,59.39,59.39,59.39,59.39,57.97,57.97,57.97,57.92,57.92,59.24,59.24,59.24,59.24,59.26,59.26,59.26,59.26,59.26,59.26,59.26,61.06,62.46,62.38,62.38,62.38,62.38,62.38,62.38,62.38,62.38,62.38,62.38,62.38,62.38,62.36,60.33,21.36
GOOGL,63.38,63.38,63.38,64.13,63.38,63.38,63.38,62.79,62.79,63.37,63.37,63.37,63.37,63.37,63.37,63.05,63.05,63.05,63.05,63.05,63.05,63.05,62.75,62.75,62.75,62.75,63.0,63.61,63.61,63.61,63.61,63.61,63.67,63.67,64.05,29.62,29.62
MO,63.81,63.81,63.81,63.81,63.81,63.81,63.81,61.45,61.45,60.76,60.76,60.76,60.76,60.76,60.76,60.76,60.76,60.76,60.76,60.76,60.76,60.75,60.53,60.53,62.61,62.61,62.61,62.61,62.61,62.58,62.58,62.58,62.01,62.12,62.12,24.75,25.03
AMZN,49.61,49.61,49.61,49.61,49.61,49.61,49.61,47.32,47.32,47.28,47.28,47.28,47.28,47.28,47.28,47.28,47.28,47.28,47.28,45.21,45.21,44.82,45.02,45.02,45.02,45.02,45.17,45.17,45.17,44.87,44.83,44.83,44.83,44.83,49.57,30.57,30.57
AEE,63.93,63.93,63.93,63.93,65.0,65.0,65.0,65.0,63.0,62.83,62.83,62.83,62.83,62.83,62.83,62.83,62.83,62.83,62.83,62.83,62.83,62.63,62.69,63.13,61.86,61.86,61.58,61.58,61.58,61.56,61.56,61.56,61.56,61.56,61.56,60.05,35.92
AAL,50.77,50.77,50.77,50.77,51.02,51.02,51.02,51.02,54.73,52.96,52.96,53.72,53.72,53.72,53.72,53.72,53.72,53.72,53.72,53.72,53.72,53.72,55.32,55.32,55.32,55.32,55.32,55.32,55.29,55.29,55.29,55.24,55.24,55.24,55.24,55.48,31.5
AEP,65.27,65.27,65.27,65.27,66.07,66.07,66.07,69.12,69.12,67.42,67.42,67.42,67.42,67.42,67.42,67.42,67.42,67.42,67.42,67.42,67.42,67.42,67.7,68.12,68.12,68.12,68.12,68.12,68.12,67.82,67.82,67.82,67.82,67.82,68.78,68.23,30.58
AXP,56.97,56.97,56.97,56.97,56.35,56.35,56.35,56.35,56.35,57.91,57.91,57.91,58.91,58.91,58.91,58.91,58.91,58.91,58.91,58.91,56.51,58.33,58.21,58.21,57.54,57.54,57.54,57.71,57.71,57.71,57.71,57.71,58.51,58.51,58.51,22.98,22.98
AIG,52.73,52.73,52.73,52.73,53.73,55.53,53.73,55.48,55.48,56.12,56.12,56.12,56.12,56.12,56.12,56.12,56.12,56.12,56.12,56.12,56.12,56.12,54.02,53.88,53.88,53.84,53.84,53.84,53.84,53.84,53.84,53.84,53.84,53.84,54.18,29.44,29.44
AMT,53.13,53.13,52.53,52.53,52.53,52.53,52.53,52.53,52.53,53.33,53.33,53.33,53.33,53.33,53.33,53.35,53.2,53.2,53.2,53.2,53.2,53.2,52.86,52.86,52.86,52.86,52.86,52.86,52.86,52.86,52.86,52.86,52.56,52.86,52.86,18.11,18.11
AWK,72.86,72.86,72.86,71.81,71.81,71.81,71.81,71.81,71.81,71.21,71.21,71.21,71.21,71.21,71.21,71.21,71.21,71.21,71.21,71.21,71.21,70.41,67.89,67.89,67.89,67.89,67.89,68.08,68.08,68.08,67.0,67.22,67.22,67.22,67.22,66.01,29.33
AMP,51.14,51.14,51.14,51.14,51.14,51.14,51.14,51.09,51.09,52.77,52.77,52.77,52.77,52.77,52.77,58.88,58.88,58.88,58.88,58.88,58.88,58.88,58.67,58.67,58.67,58.67,58.67,58.67,57.15,58.28,58.28,58.28,58.28,58.28,57.69,55.58,28.57
ABC,52.34,51.39,51.39,51.39,52.64,52.64,52.64,52.64,52.6,50.71,50.11,50.11,53.92,53.88,53.88,53.88,53.88,53.88,53.88,53.88,53.88,53.88,53.52,53.52,52.67,52.67,52.11,52.11,52.11,54.46,54.16,54.16,54.16,54.39,54.39,53.81,17.92
AME,45.61,45.61,45.61,45.61,45.61,45.61,45.61,45.61,45.61,46.13,46.13,46.14,46.14,46.14,46.11,46.11,46.11,46.11,47.3,47.3,47.3,47.08,47.08,47.08,47.08,47.08,47.08,47.08,47.08,45.23,45.23,45.23,45.23,45.23,45.23,44.16,29.46
AMGN,56.46,56.46,56.46,56.46,56.46,56.46,56.46,56.46,56.46,56.19,57.59,57.59,57.73,57.73,57.73,57.73,57.73,57.73,57.73,57.73,57.73,57.73,59.91,60.36,60.54,60.54,60.51,60.51,60.51,60.51,60.51,60.51,60.51,60.55,60.55,22.47,22.47
APH,52.64,52.64,52.64,52.64,54.55,54.55,54.55,54.55,58.95,58.54,58.54,58.54,58.54,58.54,58.54,58.54,58.54,58.54,58.54,58.54,58.54,58.09,58.29,58.49,58.49,57.89,57.89,57.89,57.89,57.89,57.89,57.89,57.89,57.89,59.19,57.73,24.06
ADI,72.04,72.04,72.04,72.04,72.04,72.04,72.04,72.04,72.04,72.62,72.62,72.62,72.62,72.62,72.62,74.49,74.49,74.49,74.49,74.49,74.49,76.86,76.56,76.56,76.56,76.56,76.56,76.56,76.56,76.56,76.56,76.56,76.56,69.92,69.92,68.99,25.91
ANSS,45.68,45.68,45.68,45.68,45.68,45.68,45.68,45.68,47.94,49.13,49.13,49.12,49.12,49.12,49.12,49.12,49.12,49.12,49.12,49.12,49.12,49.17,48.87,48.87,53.27,53.27,53.27,53.27,53.27,53.27,53.6,53.6,53.6,53.6,53.6,53.45,15.87
AON,55.01,55.01,55.01,56.53,55.22,55.22,55.22,55.22,55.22,56.69,56.69,56.69,56.69,54.04,54.04,54.04,54.04,54.04,54.04,54.04,54.04,54.94,55.89,55.95,55.95,56.2,56.2,56.2,56.15,56.15,56.15,56.15,56.11,56.11,56.5,56.98,23.0
APA,56.9,57.0,64.44,64.44,63.83,63.83,63.83,63.77,63.77,62.88,62.88,62.84,62.84,62.84,62.84,62.84,62.84,62.84,62.84,62.84,62.84,62.55,65.98,65.68,65.68,65.68,66.27,66.27,66.27,66.27,66.27,66.27,66.27,68.67,68.67,68.02,37.7
AAPL,67.28,67.28,67.28,67.28,67.28,67.19,67.28,67.19,67.19,67.4,67.4,67.4,68.54,68.54,68.54,68.54,68.54,68.54,68.54,69.33,69.33,69.33,70.63,70.63,70.63,70.63,70.34,70.34,70.34,70.4,70.4,70.28,72.27,72.27,72.27,23.6,23.82
AMAT,64.33,64.33,64.33,64.33,64.88,64.88,64.88,64.88,64.88,66.01,66.01,66.01,66.01,66.01,66.01,66.01,66.01,66.01,66.01,66.01,66.01,66.32,66.02,66.02,66.02,66.02,66.27,66.27,66.27,66.27,66.27,66.52,66.52,66.52,66.52,17.26,17.26
APTV,68.18,68.18,68.18,68.18,68.58,68.58,68.58,68.58,68.62,71.34,71.34,71.34,71.34,71.34,71.34,71.54,71.54,71.54,71.54,71.54,71.54,71.54,71.54,71.49,72.66,72.66,72.63,72.63,72.63,72.63,72.63,72.63,72.63,72.63,72.63,71.64,19.3
AJG,52.05,52.05,52.05,52.05,51.97,51.97,51.97,51.97,51.97,53.73,53.73,53.73,53.73,53.73,53.73,53.78,54.29,54.29,54.29,54.29,54.29,54.77,54.55,54.55,54.55,54.55,53.55,53.55,53.55,53.55,53.55,51.03,51.03,51.03,50.75,48.81,25.05
AIZ,55.87,55.87,52.89,52.89,51.77,51.77,51.77,51.72,51.72,52.18,52.18,52.23,52.23,52.23,52.9,52.9,52.9,52.9,52.9,52.9,52.9,52.9,52.8,52.8,52.8,52.8,52.95,52.95,54.39,54.59,54.59,54.59,54.59,54.59,54.59,52.3,26.29
T,65.35,65.35,65.35,65.35,65.76,65.76,65.76,67.66,67.66,68.05,68.05,68.05,68.05,68.05,68.05,68.05,68.05,68.05,68.05,68.05,68.05,65.5,65.4,65.32,65.32,65.32,65.32,65.32,65.32,65.32,65.32,65.47,65.47,65.47,64.62,21.34,19.66
ATO,49.74,49.69,49.69,49.69,49.69,49.69,49.69,49.69,47.29,46.7,46.7,46.7,46.7,46.7,46.7,46.7,46.7,46.7,46.7,46.7,46.7,46.7,46.7,46.7,46.7,46.7,46.59,46.59,46.59,46.59,46.59,52.24,52.24,52.24,52.24,52.18,35.46
ADSK,62.76,62.76,62.76,62.76,61.76,61.76,61.76,61.76,61.76,61.54,61.54,61.54,61.54,61.54,61.54,62.18,62.18,62.18,62.18,62.18,62.18,62.18,61.88,61.88,61.88,61.88,62.88,62.88,62.67,62.67,62.67,62.67,62.94,62.94,62.94,63.26,19.63
AZO,52.57,52.57,52.57,52.57,52.57,52.57,52.57,52.57,52.57,53.5,53.5,53.5,51.68,51.68,51.68,51.68,51.68,51.68,51.68,51.68,50.73,50.85,52.16,52.16,52.16,52.16,52.16,52.16,52.16,52.16,51.16,51.16,51.16,51.36,51.36,50.54,12.17
AVB,63.89,63.89,66.38,66.38,66.92,66.92,66.92,66.92,66.92,66.69,66.69,66.69,66.69,66.69,66.69,66.12,66.12,66.12,66.41,66.41,66.41,66.37,66.21,66.21,66.21,66.21,66.21,66.21,68.1,68.1,68.1,68.04,68.04,68.04,68.04,66.78,12.68
AVY,70.96,70.96,70.96,70.96,70.75,70.75,70.75,69.34,69.34,68.85,68.85,68.85,68.85,68.85,68.85,68.85,68.85,68.85,68.85,68.85,68.85,68.85,68.75,67.83,67.83,67.83,67.83,67.83,67.77,67.77,67.77,67.77,67.77,67.77,67.9,66.84,19.22
BAC,72.52,72.52,72.52,72.52,71.32,71.32,72.52,71.32,71.32,69.53,69.53,69.53,69.53,69.53,69.29,69.61,69.61,69.61,69.61,69.61,69.61,69.61,69.51,69.51,68.87,68.87,70.67,70.67,70.67,70.67,70.67,70.73,70.73,70.73,70.73,27.73,27.73
BAX,72.33,72.33,72.33,72.33,72.58,72.53,72.58,72.49,72.49,71.79,71.79,71.79,71.79,67.47,67.43,67.43,67.43,67.43,67.43,67.43,67.43,67.43,67.13,65.55,65.5,65.5,65.54,65.54,65.54,65.54,65.54,65.54,65.54,65.54,64.69,63.54,28.93
BDX,64.68,64.68,65.43,65.43,64.93,64.93,64.93,64.93,64.93,65.12,65.12,65.12,64.76,64.76,64.76,64.66,64.66,64.66,64.66,64.66,64.66,64.61,64.71,61.72,61.72,61.72,62.09,62.09,62.09,62.09,62.09,62.34,62.34,62.34,62.29,32.94,32.94
WRB,47.41,47.41,47.41,50.99,50.99,50.91,50.99,50.91,50.91,52.19,52.19,52.19,52.19,52.19,51.11,51.11,51.11,51.11,51.11,51.11,51.11,50.77,50.77,50.77,50.77,50.77,49.63,49.63,49.58,49.58,49.52,49.52,49.52,49.52,49.93,50.11,29.25
BBY,67.69,67.69,67.69,67.69,67.94,67.94,67.94,67.61,67.61,67.05,67.05,67.05,67.05,67.05,67.05,67.05,67.05,67.05,67.05,67.05,66.1,66.42,66.32,65.31,65.31,65.31,65.43,65.43,65.43,65.43,65.43,65.58,65.58,65.58,65.58,63.35,11.96
BIO,55.99,55.99,56.38,56.38,56.38,56.38,56.38,56.38,56.38,55.77,55.77,56.52,56.52,56.46,56.46,56.46,56.46,56.46,56.46,56.46,56.46,56.46,56.46,56.46,56.46,57.34,57.64,57.64,57.64,57.64,57.64,57.64,57.64,58.48,58.48,59.24,21.59
BIIB,74.33,74.33,73.48,73.48,73.48,73.48,73.48,73.48,72.69,72.45,72.45,70.71,70.44,70.44,69.3,69.3,69.3,69.3,69.3,69.3,69.3,69.3,69.14,66.34,66.83,66.83,66.97,66.97,66.97,66.94,66.94,66.94,66.94,67.02,67.02,23.51,23.49
BLK,58.17,58.17,58.17,58.17,59.36,59.36,59.36,59.36,59.36,59.06,59.06,59.06,59.06,59.06,59.06,59.06,59.06,59.06,59.06,59.06,59.06,62.4,63.94,63.94,63.94,63.94,63.94,63.94,63.98,63.98,63.98,63.98,63.98,64.15,64.15,23.31,23.31
BK,63.62,63.62,63.62,63.62,63.74,63.74,63.74,64.69,66.97,66.14,66.14,66.14,66.14,66.14,66.14,66.14,66.14,66.14,66.14,66.14,66.14,66.28,67.29,67.35,67.35,67.35,67.97,67.97,67.97,67.97,67.97,67.97,67.97,67.97,67.97,24.76,24.76
BA,54.71,54.71,54.71,54.71,54.71,54.69,54.71,54.69,54.69,54.54,54.54,54.54,54.54,54.54,56.64,56.64,56.64,52.23,52.23,52.23,52.23,52.3,52.3,52.3,52.3,52.3,52.3,51.42,51.72,51.72,51.29,52.28,52.28,52.28,52.28,39.19,39.19
BWA,68.11,68.11,68.11,68.11,68.51,68.51,68.51,68.51,68.51,67.97,67.41,67.41,67.41,67.41,67.41,66.15,66.15,66.15,66.15,66.15,66.15,66.15,65.85,65.85,65.85,65.85,65.85,65.85,65.85,65.85,65.85,66.12,69.62,69.62,69.62,68.94,23.56
BXP,64.06,64.06,65.24,65.21,65.48,65.48,65.48,65.48,65.48,65.46,65.46,65.46,65.46,65.46,65.46,64.74,64.74,64.74,64.74,64.74,65.73,65.73,65.82,65.82,65.82,65.82,65.82,65.82,65.82,65.82,65.82,65.82,66.94,67.37,67.37,66.6,14.35
BSX,64.13,64.13,64.13,64.13,63.51,63.51,63.51,63.51,63.43,64.24,64.24,64.24,64.24,64.24,64.24,64.24,64.24,64.24,64.24,64.24,64.24,64.89,60.9,60.9,60.9,60.9,60.9,59.41,59.41,59.41,59.78,59.78,59.78,59.78,59.73,58.75,34.41
BMY,72.95,72.95,72.95,72.95,73.08,73.08,73.08,73.08,67.96,68.04,68.04,68.04,68.04,68.04,68.04,68.04,68.04,68.04,68.04,68.04,65.36,65.36,65.2,65.2,65.2,65.2,65.2,65.2,65.2,66.26,66.26,66.26,66.26,68.81,68.75,27.71,27.71
BR,52.39,52.39,52.39,52.39,52.89,52.89,52.89,52.89,52.89,52.47,52.47,52.47,52.47,52.47,50.31,50.31,50.31,50.31,50.31,50.31,50.31,50.31,50.31,50.31,50.31,50.31,50.31,50.31,50.31,49.84,49.84,50.19,50.19,50.19,50.19,48.98,19.8
BRO,49.44,49.44,49.44,49.63,49.63,49.63,49.63,49.63,49.63,50.54,50.54,50.54,50.54,50.54,50.54,50.54,50.54,50.54,50.54,50.54,50.54,50.54,50.54,50.54,50.54,50.54,50.54,50.54,50.54,50.54,50.54,50.54,50.54,50.54,50.54,51.92,23.89
CHRW,45.66,45.66,45.66,45.66,46.34,46.34,46.34,46.34,46.34,47.59,47.59,47.59,47.59,47.22,47.22,47.22,47.22,47.22,47.22,47.18,47.18,47.18,47.18,47.18,46.61,46.57,47.07,47.29,47.29,47.29,47.29,47.29,47.29,47.29,47.29,45.36,25.91
CDNS,48.02,48.02,48.02,48.02,48.02,48.02,48.02,48.02,48.77,50.18,50.18,50.18,50.18,50.18,50.18,50.18,50.18,50.18,50.18,50.18,50.18,50.18,50.28,50.56,50.13,50.13,50.13,50.13,50.13,50.13,50.13,50.13,50.13,50.13,54.14,54.21,17.33
CPT,48.81,48.81,48.81,48.81,48.81,48.81,48.81,48.81,48.81,49.1,49.1,49.1,49.1,49.1,49.1,49.1,49.1,47.04,47.2,47.2,47.2,47.2,46.96,46.96,46.96,46.96,46.56,46.56,46.56,46.56,46.56,46.56,52.09,52.09,52.23,50.04,18.19
CPB,77.05,77.05,77.05,77.05,76.74,76.74,76.74,76.74,76.74,73.82,73.82,76.66,76.66,76.66,76.66,76.66,76.66,76.66,76.66,76.66,76.1,76.1,75.02,75.45,75.45,75.45,73.71,73.43,73.01,72.79,72.79,72.79,72.79,72.79,72.79,71.15,24.36
COF,55.21,55.21,55.21,55.21,55.33,55.33,55.33,55.33,55.33,57.13,57.13,57.13,57.13,57.13,57.13,57.13,57.13,57.13,57.13,57.13,57.13,55.63,55.27,55.27,55.27,55.27,55.27,55.45,55.45,55.45,55.27,55.27,51.68,51.68,51.68,26.0,26.0
CAH,56.97,56.97,56.97,56.97,57.1,57.1,57.1,57.1,57.1,54.99,54.35,54.35,54.35,55.97,55.97,55.97,55.97,55.97,55.97,55.93,55.93,55.93,59.15,59.65,59.65,59.65,59.6,59.6,59.6,59.82,59.82,59.82,59.82,59.82,59.82,58.85,16.34
KMX,50.37,50.37,50.37,50.37,50.37,50.37,50.37,47.82,47.82,47.59,47.59,47.59,47.59,47.59,47.59,47.59,47.59,47.59,47.59,47.59,47.85,47.85,47.85,47.85,47.85,47.85,47.85,47.85,47.85,47.85,47.88,47.88,47.88,47.88,47.88,47.07,13.44
CCL,60.6,60.6,60.6,60.6,60.6,60.6,60.6,60.6,60.6,61.26,61.26,62.16,60.12,60.12,60.12,60.12,60.12,60.12,60.12,60.12,60.12,60.12,60.22,60.22,60.51,60.76,60.76,60.76,60.76,60.76,60.76,60.76,60.76,60.76,60.68,20.1,20.1
CAT,61.63,61.63,61.63,62.59,61.84,61.84,61.84,61.84,61.84,59.78,59.78,59.78,59.78,59.78,59.78,59.78,59.78,59.82,59.82,59.82,59.82,59.74,59.44,59.44,59.44,59.44,59.58,59.62,59.62,59.62,59.62,60.13,60.13,60.13,60.13,37.74,37.74
CBOE,53.3,53.3,53.3,53.3,53.3,53.3,53.3,45.15,45.15,46.25,46.25,46.25,46.25,46.25,46.25,46.25,46.25,46.25,46.25,46.25,45.37,46.57,46.57,46.57,46.57,46.57,46.57,46.57,46.57,46.57,46.57,46.57,46.57,46.57,46.57,44.55,21.69
CBRE,69.02,69.02,69.02,69.02,69.89,69.89,69.89,69.89,69.89,63.47,63.47,63.43,63.43,63.31,63.26,63.26,63.26,63.26,63.26,63.26,63.26,63.35,63.43,63.43,63.43,70.19,70.44,70.44,70.44,70.44,70.44,70.44,70.44,70.44,70.55,69.8,7.3
CDW,47.35,47.35,47.35,47.35,47.35,47.35,47.35,47.35,45.65,45.69,45.69,45.69,45.69,45.69,45.69,45.69,45.69,45.69,45.69,45.69,45.69,45.69,45.59,48.14,48.14,48.14,48.14,48.14,48.14,48.14,48.14,48.14,48.14,48.14,48.07,47.74,11.08
CE,57.14,57.14,57.14,57.14,57.14,57.14,57.14,57.11,57.11,56.11,55.44,55.44,56.01,56.01,56.01,56.01,56.01,56.01,56.01,56.01,54.56,54.56,54.56,54.56,54.56,56.52,56.52,56.52,56.52,56.73,56.73,58.18,58.4,58.4,58.75,57.83,34.36
CNC,49.5,49.5,48.74,48.74,48.74,48.74,48.74,48.74,48.74,48.34,48.34,48.34,48.34,48.34,44.69,44.69,44.69,44.69,44.69,44.69,44.69,44.69,44.79,47.24,47.24,47.24,47.24,47.24,47.24,47.24,47.24,47.24,47.24,47.24,47.74,46.92,29.11
CF,46.55,46.55,46.55,46.55,48.45,48.45,46.55,48.45,48.42,48.39,48.39,48.39,48.39,48.39,48.39,48.39,48.39,48.39,51.33,51.33,51.33,51.33,51.43,51.43,51.43,51.43,50.12,50.12,49.8,49.8,49.8,49.8,49.8,49.77,49.77,50.49,48.43
SCHW,49.73,49.73,49.73,49.73,50.73,50.73,50.73,50.73,52.36,51.97,51.97,51.97,51.97,50.92,50.92,51.35,51.35,52.14,52.14,52.14,52.14,52.14,51.83,51.83,51.83,52.88,52.88,52.88,55.62,55.62,55.62,55.62,55.78,55.99,55.99,26.92,26.87
CHTR,45.03,45.03,45.03,45.03,44.97,44.91,44.97,44.91,44.91,46.5,46.5,46.5,46.5,46.5,46.5,46.5,45.96,45.96,45.96,45.96,45.96,45.96,45.72,45.72,45.72,45.72,45.72,45.72,46.18,46.18,46.18,45.04,45.04,45.04,45.28,19.81,19.81
CVX,59.43,59.43,59.43,61.54,59.61,59.61,59.61,59.61,59.61,59.18,59.18,58.74,58.74,58.74,59.97,59.97,59.97,59.97,59.97,59.97,59.97,58.63,58.47,58.51,58.51,58.51,58.81,58.81,58.81,58.81,58.81,58.81,59.25,59.25,59.41,42.15,42.15
CMG,54.63,54.63,54.63,54.63,54.63,54.63,54.63,54.63,55.16,54.89,54.89,54.89,54.89,54.89,54.89,54.89,54.89,54.89,54.89,52.9,52.9,53.34,53.44,53.44,53.44,53.44,53.0,53.0,53.0,53.0,53.0,53.0,53.0,53.0,56.5,55.69,24.94
CB,51.04,51.04,51.04,51.78,50.53,50.53,50.53,50.48,50.48,51.37,51.37,51.37,51.37,51.37,51.37,51.37,51.37,51.37,51.37,51.37,56.49,56.49,56.29,56.29,56.29,56.29,56.57,56.57,56.61,56.61,56.61,56.44,56.44,56.44,56.44,23.39,23.39
CHD,59.6,59.6,59.6,59.6,60.87,63.31,60.87,64.16,64.16,64.11,64.11,64.01,64.01,64.01,64.01,64.01,64.01,63.44,65.37,65.37,65.37,64.77,64.67,64.67,64.67,64.67,64.67,64.67,64.67,64.67,64.67,64.67,64.67,64.67,64.97,64.75,25.45
CINF,50.09,50.09,50.09,50.09,50.46,50.46,50.46,50.41,50.41,49.87,49.87,50.66,50.66,50.66,50.66,50.66,50.66,50.66,50.66,50.66,50.66,50.23,50.23,50.23,50.23,50.23,50.11,50.11,50.11,50.11,50.11,50.11,50.11,50.11,50.18,49.66,26.68
CTAS,56.88,56.88,56.88,56.88,56.88,56.88,56.88,55.93,55.93,56.0,56.0,56.0,56.0,56.0,56.0,52.44,52.44,52.44,52.44,52.44,52.44,52.44,52.54,52.54,52.54,52.54,52.54,52.54,52.54,52.54,52.34,49.27,49.27,49.27,49.27,46.91,25.51
CSCO,78.77,78.77,78.77,78.77,80.23,80.23,80.23,80.23,80.23,78.97,78.97,78.97,78.82,78.82,78.82,80.17,80.17,80.17,80.17,80.17,80.17,80.17,80.27,80.27,80.27,80.27,80.15,80.15,80.15,80.15,80.15,80.15,80.15,80.15,79.98,14.11,14.11
C,66.75,66.75,70.4,70.4,69.36,69.36,69.36,69.36,69.36,67.83,67.83,67.83,67.83,67.83,67.83,64.46,64.45,64.45,64.45,64.45,64.45,64.45,64.12,64.12,69.24,69.24,69.55,69.85,71.74,71.74,71.74,71.74,71.74,71.74,71.74,30.12,30.67
CFG,49.78,49.78,49.78,49.78,47.83,46.23,49.03,46.18,46.13,46.24,46.24,46.24,46.24,46.24,45.35,45.35,45.35,45.35,45.35,45.35,45.35,45.28,45.09,45.09,45.09,45.09,45.09,45.09,45.09,45.09,45.09,47.71,47.71,47.82,47.82,47.72,27.92
CTXS,55.71,55.71,55.71,55.71,55.71,55.71,55.71,55.71,55.79,57.15,57.15,57.15,57.15,57.15,57.15,57.15,57.15,57.15,57.15,57.15,57.15,57.22,57.12,57.12,57.12,57.12,57.12,57.12,57.12,57.12,57.12,57.12,57.12,57.12,58.32,56.75,18.21
CLX,73.34,73.34,73.34,69.3,69.44,69.44,69.44,69.44,69.44,70.12,70.12,70.12,70.12,70.12,71.52,70.63,70.63,70.06,70.06,70.06,70.06,70.03,69.73,69.24,69.24,69.24,67.95,67.95,67.46,67.46,67.46,67.46,67.46,67.89,67.89,67.2,23.48
CME,51.51,51.51,52.09,52.23,52.23,52.23,52.23,52.23,52.23,52.13,52.13,52.13,52.13,52.13,52.13,53.44,53.44,53.44,53.44,53.44,53.44,53.44,53.17,53.17,53.17,53.25,53.25,53.25,53.25,53.36,53.03,53.03,53.03,53.03,53.03,17.07,17.07
CMS,77.32,77.32,77.32,77.32,77.06,77.06,77.06,77.06,78.52,77.89,77.89,77.89,77.89,77.89,77.89,77.89,77.89,77.89,77.89,77.89,77.89,78.45,77.82,77.39,77.39,77.39,77.39,77.32,77.32,77.32,77.04,77.04,77.04,80.82,80.84,80.27,27.62
KO,62.99,62.99,62.99,62.99,62.86,62.86,62.86,62.86,62.86,62.34,62.31,60.46,60.64,60.64,59.14,59.44,59.44,59.44,59.06,59.06,59.06,59.06,59.71,59.71,64.06,63.21,63.46,63.46,63.46,61.38,61.38,61.38,61.38,61.38,61.38,26.07,26.07
CTSH,60.92,60.92,60.92,60.92,61.17,61.17,61.17,61.17,61.17,60.49,60.49,60.49,61.02,61.02,61.02,61.02,61.02,61.02,61.02,61.02,61.02,61.02,61.02,63.57,63.57,63.57,63.57,63.57,64.77,64.77,64.77,64.74,64.74,64.74,64.74,63.28,19.17
CL,71.29,71.29,71.29,71.29,71.56,71.56,71.56,71.56,71.97,70.58,72.25,72.25,72.25,72.15,72.11,71.51,71.51,71.51,71.49,71.46,71.46,71.46,70.51,70.51,70.51,71.56,71.56,71.56,71.56,71.56,71.56,71.56,71.56,71.56,71.66,22.11,22.11
CMCSA,61.45,61.45,61.45,60.69,60.69,60.69,60.69,60.69,60.69,59.99,59.99,59.99,55.37,55.37,55.37,55.37,55.37,55.37,55.37,55.37,56.7,60.11,59.95,59.95,59.95,59.95,59.95,59.95,59.95,59.95,59.95,59.98,59.98,60.12,60.12,19.38,19.38
CMA,60.19,60.19,60.19,60.19,60.19,60.19,60.19,60.19,60.19,59.52,59.52,59.52,59.52,59.52,59.52,59.52,59.52,59.52,59.52,56.92,56.5,56.74,56.54,56.54,56.54,56.54,56.67,56.67,56.67,56.67,56.67,56.67,56.67,56.5,54.8,54.64,26.77
CAG,58.16,58.16,58.16,58.16,58.16,58.16,58.16,58.16,58.16,56.71,56.71,56.71,56.71,56.21,56.21,56.21,56.21,56.21,57.11,57.11,57.11,57.11,56.78,56.19,56.19,56.19,58.6,58.6,59.01,59.01,59.01,59.01,59.01,59.01,59.23,59.82,29.2
COP,69.31,69.31,69.31,69.31,69.18,69.18,69.18,72.75,72.75,69.02,69.02,69.01,69.01,67.77,67.77,67.77,67.77,67.77,67.77,67.77,67.77,67.69,67.45,67.45,67.45,67.45,67.89,70.78,70.78,70.78,70.78,70.78,70.78,70.78,78.0,30.75,30.75
ED,62.95,62.95,62.95,62.95,62.4,62.4,62.4,60.26,60.26,58.48,58.48,62.6,62.6,62.6,62.6,62.6,62.6,62.6,62.6,62.6,62.6,62.5,62.6,62.6,62.6,65.15,65.15,65.25,65.25,65.21,65.21,65.21,65.21,65.21,65.21,65.45,28.61
STZ,49.26,49.26,49.18,49.18,49.84,49.84,49.84,49.84,54.48,54.15,54.15,54.15,54.15,52.78,52.78,52.78,52.78,52.78,52.78,52.78,52.78,52.56,52.81,53.57,53.57,53.57,53.79,53.79,55.58,55.58,55.58,55.58,55.58,55.47,55.13,53.54,22.91
COO,50.38,50.38,50.38,50.38,50.38,50.38,50.38,50.38,50.38,50.02,50.02,49.52,49.52,49.52,49.52,49.52,49.52,49.52,49.52,49.52,49.52,49.52,49.47,49.47,49.47,50.24,50.24,50.24,50.24,50.24,50.24,50.19,50.19,50.19,50.19,49.21,22.34
CPRT,43.69,43.69,43.69,42.84,42.84,42.84,42.84,42.84,42.84,43.42,43.42,43.43,43.43,43.43,43.43,43.43,43.43,43.43,43.43,43.43,43.43,43.2,43.2,43.2,43.2,43.2,43.2,43.2,43.2,45.77,45.77,45.77,45.77,45.77,45.77,45.73,24.03
GLW,57.6,57.6,57.6,61.81,61.81,61.81,61.81,58.54,58.54,58.58,58.58,58.58,58.58,58.58,58.58,58.58,58.58,58.58,60.89,60.89,60.89,60.86,60.96,61.04,61.08,61.08,61.08,61.08,61.08,63.78,63.78,63.78,63.78,63.78,63.96,64.3,19.94
CSGP,46.2,46.2,46.2,46.2,46.2,46.2,46.2,45.8,45.55,45.3,45.3,45.3,45.3,45.3,45.3,45.3,45.3,45.3,45.3,45.3,45.3,45.08,45.08,45.08,44.23,44.23,44.23,44.23,44.23,44.23,44.36,44.36,44.36,44.36,44.36,43.64,25.72
COST,53.58,53.58,53.58,53.58,53.83,53.83,53.83,55.23,55.24,54.75,54.75,54.75,54.75,54.75,54.75,55.45,55.45,55.45,55.45,54.98,52.97,52.97,53.07,53.07,53.07,53.07,53.07,53.07,51.88,51.3,52.14,53.39,53.39,53.51,53.51,22.54,22.54
CCI,48.76,48.76,48.76,48.76,48.76,48.76,48.76,48.76,48.76,48.32,48.32,48.32,47.66,47.66,47.66,47.66,47.66,47.66,47.66,47.92,47.92,47.92,48.04,48.04,48.04,48.04,48.04,48.04,48.6,48.6,48.37,48.37,48.37,48.37,48.37,46.93,20.65
CSX,59.82,59.82,59.82,59.06,57.36,57.32,57.36,57.32,57.32,55.25,55.25,55.25,55.25,55.25,55.25,55.25,55.25,55.25,55.25,55.25,55.25,55.18,55.18,55.18,55.18,52.23,54.9,54.9,55.8,55.8,55.8,55.8,55.8,55.55,55.55,22.42,22.42
CMI,70.08,70.08,70.08,70.08,70.08,70.08,70.08,70.04,70.04,69.81,69.81,69.81,69.81,69.81,69.81,70.8,70.8,70.8,70.8,70.8,69.3,68.34,68.34,68.34,68.34,68.34,68.34,68.34,67.34,67.34,67.65,67.65,67.65,67.65,67.65,67.18,18.82
CVS,62.63,62.63,62.63,62.63,63.28,63.28,63.28,63.28,65.67,65.33,65.33,65.61,65.61,65.61,65.61,65.61,66.01,66.01,66.01,66.01,65.61,65.61,65.39,65.39,65.39,65.39,62.42,61.23,61.82,61.82,61.82,61.82,61.82,61.73,61.73,20.29,20.39
DHI,45.26,45.26,45.26,45.21,45.21,45.21,45.21,45.21,45.21,45.27,45.27,45.27,45.27,45.27,45.27,46.36,45.41,45.41,45.41,45.41,45.41,45.28,45.28,45.28,45.28,45.28,45.28,45.28,45.28,46.26,46.26,46.26,46.26,46.26,46.26,45.43,20.88
DHR,52.03,52.03,52.03,51.39,51.39,51.39,51.39,51.39,51.39,50.79,50.79,50.79,54.8,54.4,54.36,54.36,54.36,54.36,54.36,54.86,54.86,54.86,54.86,54.86,54.86,54.86,54.52,55.0,55.0,55.99,55.99,55.0,55.1,55.06,56.92,32.72,32.72
DRI,57.98,57.98,57.98,57.98,56.36,56.36,56.36,57.86,57.86,57.14,57.14,54.53,52.23,52.2,52.2,52.2,52.2,52.2,52.2,52.2,51.25,50.69,50.79,50.79,50.79,50.79,50.79,50.79,51.83,51.83,51.05,51.32,51.32,51.32,51.32,50.05,22.35
DVA,55.3,55.3,55.3,55.3,55.3,55.3,55.3,55.25,55.25,54.87,54.87,54.87,53.61,53.61,53.61,53.61,53.61,53.61,53.61,53.61,53.61,53.61,53.61,53.61,53.61,53.61,52.21,52.21,52.21,54.73,54.73,54.73,54.7,53.75,53.32,51.96,21.02
DE,66.59,66.59,66.59,66.59,66.18,66.18,66.18,66.18,65.37,65.0,65.0,65.0,65.0,65.0,65.0,65.0,65.0,65.0,65.0,64.92,64.92,65.07,62.92,62.92,62.92,62.92,62.92,62.92,62.12,60.69,60.69,60.69,60.69,60.83,61.08,60.4,18.94
DAL,59.51,59.51,60.27,60.27,61.35,61.35,61.35,61.35,61.35,60.75,60.75,60.75,60.75,60.75,60.75,57.99,57.99,57.99,57.99,57.99,57.99,57.99,57.66,57.66,59.54,59.29,59.29,59.29,59.29,59.26,59.26,59.26,59.21,59.21,59.39,59.27,25.85
XRAY,56.19,56.19,56.19,56.19,56.56,56.56,56.56,56.56,56.56,56.33,56.33,56.33,55.07,55.07,55.07,55.07,55.07,55.07,55.07,55.07,55.07,55.07,55.17,55.17,55.17,55.17,57.42,57.82,57.82,57.82,57.82,57.82,57.82,57.82,57.82,56.37,20.26
DVN,61.67,61.67,61.67,61.67,61.93,61.93,61.93,61.98,61.98,62.8,62.8,62.9,68.3,68.3,68.3,68.3,68.3,68.3,68.3,68.3,68.15,68.15,68.15,68.15,68.15,68.15,68.29,69.27,69.27,69.27,69.27,69.27,69.36,69.36,69.7,68.92,34.16
DXCM,48.43,48.43,48.43,48.43,48.43,48.43,48.43,48.43,47.35,46.84,46.84,46.84,46.84,46.84,46.84,46.84,46.84,46.8,46.8,46.8,46.8,46.85,46.55,46.55,46.55,45.6,45.6,45.6,45.6,45.6,45.6,45.6,45.6,45.6,45.48,44.38,42.11
DLR,57.85,57.85,57.81,57.81,57.77,57.77,57.81,57.81,57.81,57.22,57.22,57.22,57.22,57.22,57.22,57.22,57.22,57.22,57.22,57.22,57.22,53.86,53.86,53.86,53.86,53.86,53.86,53.86,53.86,53.86,53.86,53.86,53.86,53.86,66.91,65.61,14.42
DFS,52.19,52.19,52.19,52.19,52.19,55.02,52.19,55.02,55.02,56.33,56.33,56.33,56.33,56.33,56.33,56.33,56.33,56.33,56.33,56.38,56.38,56.58,56.22,56.22,56.22,56.22,56.22,58.28,58.28,58.28,58.28,58.28,58.28,58.28,58.43,57.9,20.82
DISH,42.83,42.83,42.83,42.83,42.83,42.83,42.83,41.34,40.92,42.31,42.31,42.32,42.58,42.58,42.58,42.58,42.58,42.58,42.58,42.58,42.58,43.69,43.69,43.69,43.69,43.69,43.69,43.69,43.69,43.69,43.69,43.69,43.69,43.75,43.67,43.4,20.61
DIS,64.11,64.08,64.08,64.08,64.08,64.08,64.08,64.08,64.08,66.6,66.6,63.91,63.91,63.91,63.91,64.03,64.03,64.03,64.03,64.03,64.03,64.03,63.95,63.95,63.95,63.95,65.01,65.01,65.01,65.01,65.01,65.01,65.01,64.96,64.96,14.45,14.57
DG,49.83,49.83,49.83,49.83,49.83,49.83,49.83,49.16,49.16,48.18,48.18,48.18,48.18,48.18,48.18,48.18,48.18,48.18,48.18,48.18,47.81,47.81,48.01,48.01,48.01,47.81,47.81,47.81,47.81,47.81,47.81,47.81,47.81,47.81,47.81,46.71,17.19
DLTR,51.57,51.57,51.57,51.57,51.19,51.19,51.57,49.54,49.54,49.47,49.47,49.47,50.15,50.15,50.15,50.15,50.15,50.15,50.15,50.15,50.15,50.15,50.25,49.37,49.37,49.37,49.37,49.37,49.37,49.37,49.37,49.37,49.37,49.37,49.55,48.11,19.8
D,60.38,60.38,60.01,60.01,60.01,60.01,59.74,60.01,60.01,61.63,61.63,61.63,61.63,61.63,61.63,61.63,61.63,61.63,61.42,61.42,61.42,61.38,61.08,61.52,61.52,61.51,61.51,61.23,61.23,60.47,60.47,60.47,60.47,60.47,60.47,34.83,34.63
DPZ,43.72,43.72,43.72,43.72,43.72,43.72,43.72,43.72,43.72,43.63,43.68,43.68,43.68,43.68,43.68,43.68,43.68,43.68,43.68,43.68,43.68,43.66,43.76,45.23,45.23,45.23,44.21,44.21,44.21,44.21,44.26,44.26,44.26,44.26,44.26,43.35,27.63
DOV,63.78,63.78,63.78,63.78,63.35,63.35,63.35,63.35,63.35,63.0,63.0,63.0,63.0,63.0,55.08,55.08,55.08,55.08,55.08,55.08,55.08,54.93,54.93,54.93,54.93,54.93,54.93,54.93,55.84,55.84,55.84,55.84,55.84,55.84,55.99,54.59,32.92
DTE,66.18,66.18,66.18,66.18,66.98,66.98,66.98,66.98,68.84,68.86,68.86,68.86,68.86,68.86,68.86,68.86,68.86,68.86,68.86,68.86,68.86,68.88,68.98,69.43,69.43,71.37,71.65,71.65,71.65,71.63,71.63,71.63,71.63,71.83,71.83,71.91,30.77
DUK,57.53,57.53,57.53,57.53,57.66,57.66,57.66,59.96,59.96,62.19,62.19,62.19,62.19,62.19,62.19,62.19,62.19,62.19,62.19,62.19,62.19,62.8,62.8,63.1,63.1,63.09,63.09,63.09,63.09,63.09,63.09,63.09,63.09,63.09,63.09,33.99,33.99
DRE,52.39,52.39,52.39,52.39,52.39,52.39,52.39,52.39,52.39,53.41,53.41,53.41,53.41,53.41,53.41,53.41,53.41,53.41,53.41,54.39,54.39,54.39,54.15,54.15,54.15,54.15,54.15,54.15,54.15,54.15,54.15,54.15,54.88,54.88,54.88,53.32,16.92
EMN,64.74,64.74,64.74,64.74,65.0,65.0,65.0,65.0,65.0,63.69,65.65,65.65,65.65,65.65,65.65,65.65,65.69,65.69,65.69,65.69,65.69,65.42,68.29,68.26,68.26,68.26,68.49,68.49,68.49,67.92,67.92,67.92,67.92,67.92,68.02,67.39,27.71
ETN,79.7,79.7,79.7,79.7,77.31,77.31,77.31,77.31,77.28,73.63,73.63,73.63,73.63,73.63,74.2,74.2,74.2,74.2,74.2,74.2,74.2,74.2,74.3,75.46,75.46,75.46,77.39,77.39,77.39,77.31,77.31,77.31,77.31,77.31,77.27,76.72,17.77
EBAY,62.42,62.42,62.42,62.42,62.67,62.67,62.67,62.67,63.22,63.38,63.38,63.38,63.38,63.38,63.38,63.38,63.38,63.38,63.38,63.38,63.38,63.75,63.65,63.94,63.94,63.94,63.94,63.94,63.96,63.96,63.96,63.96,63.86,63.86,63.86,60.38,20.19
ECL,67.99,67.99,65.93,65.88,65.61,65.61,65.61,65.58,65.58,64.03,64.03,64.03,64.03,64.03,64.03,62.85,62.85,62.85,62.85,61.9,61.24,61.24,61.24,59.95,59.95,59.95,59.46,59.46,60.75,60.75,60.75,60.66,60.66,60.66,60.96,62.27,31.82
EIX,59.81,59.81,59.81,59.81,61.24,61.24,61.24,61.24,61.24,58.74,58.74,58.74,58.74,58.74,58.74,59.6,59.6,59.6,59.6,59.6,59.6,62.84,62.64,62.64,61.44,61.44,61.72,64.57,64.57,64.57,64.57,64.57,64.57,64.77,64.77,65.08,38.22
EW,63.97,63.97,63.97,63.97,64.35,64.35,64.35,66.42,66.42,66.26,66.26,66.26,66.26,66.39,66.39,66.35,65.59,65.59,65.59,65.59,65.59,68.04,70.62,70.87,70.87,71.63,71.06,71.06,71.06,71.06,71.06,71.06,71.06,71.06,71.01,70.06,21.65
EA,45.93,45.93,45.93,45.93,47.63,47.63,47.63,47.63,47.63,48.86,48.86,48.86,48.86,48.86,48.86,48.86,51.64,51.64,51.64,51.64,51.64,51.95,51.95,51.95,51.95,51.95,51.95,51.95,51.95,52.32,52.32,52.32,52.32,52.32,52.32,52.47,14.82
LLY,58.15,58.15,58.15,58.15,58.28,59.63,58.28,59.63,59.63,59.01,60.86,60.86,60.86,60.86,60.86,60.86,60.86,60.86,60.92,60.92,60.92,57.53,57.61,57.94,57.94,57.94,58.07,58.07,58.07,58.07,58.07,58.07,58.07,58.87,58.87,33.98,33.98
EMR,58.21,58.21,58.21,58.79,58.79,58.79,58.79,58.79,58.76,58.32,58.32,58.32,58.32,58.32,58.32,58.24,58.24,58.24,58.24,58.2,58.2,57.91,57.91,57.34,59.77,59.77,60.21,60.68,60.68,60.68,60.68,60.68,60.68,60.68,60.68,23.47,23.47
ETR,68.06,68.06,68.06,67.84,65.96,65.96,65.96,65.96,65.96,65.73,65.73,65.73,65.73,65.73,65.73,65.73,65.73,65.79,65.79,65.79,65.64,65.64,65.74,66.18,66.18,66.18,66.18,65.62,65.18,65.18,65.18,65.18,65.18,65.18,66.37,66.83,34.77
EOG,50.09,50.09,50.09,54.99,54.99,54.99,54.99,54.99,54.99,56.4,56.4,56.4,56.4,56.4,56.4,56.4,56.4,56.4,56.4,60.3,60.3,60.26,60.34,60.34,60.34,60.34,60.34,60.34,60.34,60.34,60.34,60.34,60.34,60.34,60.4,44.79,44.74
EFX,46.8,46.8,46.8,46.55,46.55,45.58,46.55,45.58,45.58,41.46,41.46,41.46,41.46,41.46,41.46,41.46,41.46,41.46,41.41,41.41,41.41,41.41,41.36,41.36,41.36,41.36,41.36,41.36,42.08,42.41,42.41,42.41,42.41,42.41,42.41,40.34,28.24
EQIX,57.74,57.74,57.74,57.74,58.24,58.24,58.24,58.24,58.24,58.35,58.35,58.35,58.35,58.35,58.35,58.35,58.35,58.35,59.38,59.38,59.38,59.38,59.38,59.38,59.38,59.38,59.13,59.13,59.13,59.13,59.13,55.58,55.58,55.58,55.66,56.06,16.18
EQR,51.18,51.18,51.18,53.26,53.26,53.26,53.26,53.26,53.26,53.24,53.84,53.84,53.84,53.84,53.84,57.52,57.52,57.52,57.52,57.52,57.52,57.52,57.52,57.47,57.47,57.47,57.47,57.47,58.41,58.41,58.41,58.41,58.41,58.41,58.62,56.74,15.84
ESS,47.72,47.72,47.72,49.04,49.04,49.04,49.04,49.04,49.04,48.36,48.36,48.36,48.36,48.36,48.36,48.36,48.36,48.36,48.36,48.36,51.78,51.78,51.78,51.78,51.78,51.78,51.78,51.78,52.26,52.26,52.26,52.26,52.26,52.26,53.71,51.59,16.16
EL,66.15,66.15,66.15,66.15,66.73,66.73,66.73,66.73,65.33,63.12,63.12,63.12,63.56,63.56,63.56,63.56,62.99,62.99,62.99,62.99,62.99,63.76,61.81,61.81,61.81,61.81,61.81,61.81,61.81,61.81,61.21,61.21,65.19,64.89,64.89,64.23,27.42
RE,47.41,47.41,47.41,47.41,47.41,47.41,47.41,47.41,47.41,46.88,46.88,46.88,46.88,46.88,46.88,46.88,46.88,46.88,46.88,46.88,46.88,46.88,46.68,46.57,46.57,46.32,46.26,46.26,46.26,46.26,46.26,46.26,46.26,46.26,46.36,46.9,27.13
ES,68.87,68.87,68.87,68.87,70.32,70.32,70.32,72.76,72.76,72.42,72.42,72.42,72.42,72.42,71.57,71.57,71.57,74.83,74.83,74.83,74.83,74.83,74.93,74.67,74.67,74.67,74.67,74.67,74.67,74.67,74.67,74.67,74.67,74.67,80.87,80.67,24.02
EXC,71.63,71.63,71.63,71.63,71.9,71.9,71.9,71.9,71.9,71.09,71.09,70.25,70.25,70.25,70.25,70.25,70.25,70.25,70.25,70.25,70.25,70.25,70.05,70.05,71.93,71.93,71.65,71.65,71.65,71.65,71.65,71.65,71.65,71.65,71.67,71.96,25.94
EXPE,46.45,46.45,46.45,46.45,46.42,46.42,46.42,46.46,45.2,45.63,45.63,45.63,45.63,45.63,45.63,45.63,45.63,45.63,45.63,45.63,42.75,42.75,42.85,42.85,42.85,42.8,42.23,42.23,42.23,42.23,42.23,42.23,42.23,42.23,47.57,46.37,23.17
EXPD,51.76,51.76,51.76,51.76,51.76,51.76,51.76,51.76,51.76,52.02,52.02,52.02,52.02,52.02,56.52,56.52,56.52,56.52,56.52,56.52,56.52,56.52,56.62,56.67,56.67,56.67,57.3,57.3,57.3,57.3,57.3,55.98,55.98,55.98,56.01,54.96,18.94
EXR,41.67,41.67,41.67,41.67,41.67,41.67,41.67,41.67,41.67,42.19,42.19,42.19,42.19,42.18,42.18,42.18,42.18,42.18,42.18,42.18,42.18,42.1,42.18,42.18,42.18,42.18,42.18,45.18,45.18,54.88,54.88,54.88,54.88,54.88,54.72,52.88,15.74
XOM,63.76,63.76,64.15,64.15,64.15,64.15,64.15,64.15,64.15,62.91,62.91,62.9,62.9,62.61,62.61,64.11,64.11,64.11,64.11,64.11,63.97,63.97,63.97,63.97,63.97,63.97,63.97,63.97,63.97,63.97,63.97,63.97,63.97,63.97,63.65,37.46,37.46
FFIV,49.98,49.98,49.98,49.98,49.98,49.98,49.98,49.98,49.98,49.76,49.76,49.76,49.76,49.76,49.76,49.59,49.59,49.59,49.59,49.59,49.59,49.59,49.29,49.29,49.29,49.29,49.29,49.29,49.29,49.44,49.44,49.44,49.44,49.44,52.11,51.69,17.89
FDS,45.42,45.42,45.42,45.42,45.42,45.42,45.42,47.17,47.17,44.94,44.94,44.94,44.94,44.94,44.94,44.94,44.94,44.94,44.94,49.73,49.73,49.73,49.73,49.28,49.28,49.28,49.28,49.28,49.28,49.28,49.28,49.28,49.28,49.28,53.09,52.86,21.9
FAST,55.71,55.71,55.71,55.71,55.71,55.71,55.71,55.71,55.71,56.18,56.18,56.18,56.18,56.18,56.18,56.18,56.18,56.18,55.01,55.01,55.01,55.01,55.01,55.01,55.01,55.01,55.01,55.01,55.19,55.19,55.19,53.31,53.31,53.31,53.31,51.72,22.07
FRT,48.1,48.1,48.1,48.1,48.1,48.08,48.1,48.08,48.08,48.02,48.02,48.02,48.02,48.02,48.02,48.02,53.81,53.81,53.81,53.81,53.81,53.76,53.76,53.76,53.76,53.76,54.95,54.95,54.95,54.95,59.71,59.71,59.71,59.71,59.71,58.58,16.1
FDX,64.05,64.05,64.05,64.05,63.51,63.51,63.51,63.51,63.51,63.44,63.44,63.44,62.56,62.56,62.56,62.56,62.56,62.56,62.56,62.56,63.2,63.62,63.32,63.32,63.32,63.32,63.32,63.54,63.54,64.45,60.9,60.9,60.9,60.9,60.9,21.5,21.5
FITB,50.99,50.94,50.94,50.94,50.69,50.69,50.69,50.69,50.69,50.83,50.83,49.73,49.73,49.73,49.73,49.73,49.73,49.73,49.73,49.73,49.73,52.17,51.96,51.96,52.75,52.75,52.75,52.75,52.75,52.75,52.82,52.82,52.82,52.82,52.92,52.37,26.53
FRC,52.97,52.97,52.97,52.97,52.97,52.97,52.97,52.97,52.97,53.02,53.02,52.67,52.67,52.67,52.67,52.67,52.67,52.67,52.67,52.67,52.67,52.67,52.48,52.5,52.45,52.45,52.45,52.45,52.45,52.45,52.45,52.45,52.45,52.45,52.45,52.48,26.26
FE,55.56,55.56,55.56,55.56,56.24,56.24,56.24,56.24,59.64,60.21,60.21,60.21,60.21,60.21,60.21,60.21,59.41,59.41,59.41,59.41,59.41,59.61,59.81,58.83,58.83,58.83,59.16,59.16,59.16,59.15,59.15,59.15,59.15,59.15,59.2,57.85,39.74
FIS,46.95,46.95,46.95,46.95,45.95,45.95,45.95,45.95,45.7,47.11,47.11,47.11,47.11,47.11,47.11,47.11,47.11,47.11,47.11,47.04,47.04,47.41,47.11,47.15,49.47,49.47,49.47,49.47,49.47,49.47,49.47,49.47,49.47,49.47,49.52,49.56,19.38
FISV,45.37,45.33,45.33,45.33,45.33,45.33,45.33,45.33,45.86,46.51,46.51,46.51,46.51,46.51,46.51,46.51,46.51,46.51,46.51,46.51,46.51,46.64,46.64,46.36,46.36,46.36,46.36,46.36,46.36,46.36,46.36,46.36,46.36,46.36,46.36,45.32,19.62
FLT,45.47,45.47,45.47,45.47,45.47,45.47,45.47,45.43,45.24,45.87,45.87,45.87,45.87,45.87,45.87,45.87,45.87,45.87,45.87,45.87,45.87,46.32,46.02,45.17,45.17,45.17,45.17,45.17,45.17,45.17,45.17,45.17,45.17,45.17,45.07,44.33,19.67
FMC,60.96,60.96,60.96,60.96,63.08,63.08,63.08,63.08,63.18,66.32,66.32,66.32,66.32,66.94,66.94,66.94,66.94,66.94,66.94,66.94,66.94,66.94,66.74,66.74,66.74,66.65,67.02,64.57,65.46,65.58,65.58,65.58,65.58,63.77,63.77,63.51,37.29
F,65.07,63.27,63.27,63.27,62.9,62.9,62.9,63.47,63.47,59.5,59.5,59.5,59.5,59.5,58.9,61.09,61.09,61.09,61.09,61.09,61.09,61.09,60.99,60.99,60.99,60.99,61.57,61.57,61.57,61.57,61.56,61.56,61.56,61.53,64.61,29.87,29.87
FTNT,47.75,47.75,47.75,47.75,46.25,46.25,46.25,46.25,46.25,45.9,45.9,45.9,45.9,45.9,45.9,45.9,45.9,45.9,45.9,45.9,45.9,47.2,47.2,47.2,47.2,47.2,47.2,47.2,47.2,46.4,46.4,46.4,46.4,46.17,47.34,48.45,21.63
FBHS,50.16,50.16,50.16,50.16,50.16,50.16,50.16,50.16,49.93,51.11,51.11,51.11,51.11,51.11,51.11,51.11,51.11,51.11,51.11,51.11,48.65,48.65,48.35,48.35,48.35,48.35,48.35,48.35,48.35,48.35,51.76,51.76,51.76,51.76,51.64,50.35,25.65
BEN,56.52,56.52,56.71,56.66,56.35,56.35,56.35,56.35,56.35,55.48,55.48,55.48,55.48,55.48,55.48,55.48,55.52,55.52,60.02,60.02,60.02,60.02,59.71,59.71,59.71,59.71,59.71,59.71,62.07,62.07,62.16,63.5,63.5,63.46,63.46,62.87,20.44
FCX,69.42,69.42,67.31,69.92,67.54,67.54,67.54,67.54,67.54,64.71,64.71,63.52,63.52,63.52,63.52,63.52,63.52,63.52,63.52,63.52,63.52,64.92,64.62,64.62,64.62,64.62,65.04,66.72,66.72,66.71,66.71,66.71,66.71,66.71,65.75,64.12,40.2
GRMN,57.05,57.05,57.05,57.05,57.05,57.05,57.05,57.05,57.05,58.95,58.95,59.79,59.79,59.79,59.79,59.79,59.79,59.79,59.79,59.79,59.79,59.79,59.49,59.49,59.49,59.49,59.52,59.52,59.52,53.39,53.39,53.39,53.39,53.39,53.39,51.81,21.15
IT,48.02,48.02,48.02,48.02,48.02,48.02,48.02,48.02,47.86,46.31,46.31,46.31,46.31,46.31,46.31,46.31,46.31,46.31,46.31,46.31,46.31,46.59,46.59,46.55,46.34,46.34,46.34,46.34,46.34,46.34,46.34,47.82,47.82,47.82,47.82,46.96,28.96
GD,54.6,54.6,54.6,54.6,54.6,54.6,54.6,54.6,54.04,54.62,54.62,54.62,54.62,54.62,53.29,53.29,53.29,53.29,52.49,52.49,52.46,52.46,52.16,52.62,52.62,52.62,52.62,52.62,52.65,52.65,52.65,52.62,53.38,53.38,53.38,38.86,38.86
GE,70.17,70.17,70.17,70.17,70.17,69.27,70.17,69.24,69.27,65.86,65.81,65.81,66.33,66.33,66.33,66.33,66.33,66.33,66.33,66.33,66.33,63.72,63.49,63.44,63.44,62.15,62.15,62.15,62.15,62.15,62.15,62.37,62.37,62.37,62.37,42.27,46.76
GIS,68.3,68.3,68.3,68.3,68.09,68.09,68.09,68.89,68.89,69.03,70.4,70.36,70.98,70.98,70.98,70.98,70.98,70.98,70.98,70.98,70.98,70.9,71.09,71.09,71.09,71.09,71.12,71.12,70.36,70.36,70.1,70.39,70.39,70.39,70.39,70.5,22.43
GM,57.97,56.17,56.17,56.17,56.17,56.17,56.17,56.77,56.77,54.43,61.83,61.83,61.77,61.77,61.77,61.77,61.77,61.77,62.9,62.9,62.9,63.18,63.08,63.18,63.18,65.47,65.47,65.47,65.47,65.47,65.47,65.47,65.76,65.73,65.95,30.87,30.87
GPC,46.65,46.65,46.65,46.65,46.65,46.27,46.65,46.27,46.77,46.7,46.7,46.7,46.7,46.7,46.7,46.7,46.7,46.7,46.7,46.7,46.7,46.7,46.7,46.7,46.7,46.7,46.1,46.1,46.1,46.1,46.1,46.1,46.1,46.1,47.79,46.95,12.93
GILD,53.3,53.3,54.5,54.5,55.06,55.06,54.5,55.06,55.86,55.9,55.9,55.9,55.86,55.86,55.86,55.86,55.86,56.68,60.09,60.17,61.06,61.06,60.98,60.98,60.98,60.98,60.55,60.55,61.85,61.85,61.85,61.85,61.85,64.4,65.74,22.45,22.45
GPN,46.93,46.93,46.93,46.93,45.43,45.43,45.43,45.43,44.64,44.69,45.09,45.09,45.09,45.09,45.09,45.09,45.09,45.09,45.09,45.09,45.07,45.07,45.17,46.32,46.32,46.32,46.32,46.32,46.32,46.32,46.32,46.32,46.32,46.32,45.52,44.8,22.23
GS,68.72,68.72,68.72,68.72,68.47,68.47,68.47,68.67,68.67,68.3,68.3,68.3,68.3,68.3,68.3,68.3,68.3,68.3,68.3,68.3,68.3,68.79,68.69,68.71,68.71,68.71,66.43,66.43,66.34,66.34,66.34,66.34,66.34,69.55,69.55,32.05,32.05
HAL,58.83,58.83,58.83,58.83,59.33,59.33,59.33,59.33,59.33,59.2,59.2,59.2,59.2,59.2,59.2,60.17,60.17,60.17,60.17,60.17,60.17,60.17,59.87,59.87,59.87,59.69,59.69,59.69,59.69,59.69,59.69,59.69,59.69,59.87,62.24,30.68,30.68
HIG,55.8,55.8,57.32,57.32,57.11,57.06,57.11,57.06,57.06,57.22,57.22,57.22,57.22,57.3,57.3,57.3,57.3,57.3,68.31,68.41,68.41,68.36,68.26,68.26,68.26,68.26,68.26,68.26,68.26,68.26,68.26,68.26,68.26,68.26,68.86,67.01,20.55
HAS,64.37,64.37,64.37,64.37,64.5,64.5,64.5,64.5,64.5,62.6,62.6,62.6,62.84,64.71,64.71,64.71,64.71,64.71,64.71,64.71,64.43,64.65,64.85,64.85,64.85,64.85,64.85,64.85,64.85,61.63,60.86,60.86,60.86,60.86,60.86,60.15,12.33
HCA,55.32,55.32,55.32,55.32,55.32,55.32,55.32,55.32,55.03,55.89,55.89,55.89,55.89,55.89,55.89,55.89,55.89,55.89,55.89,55.89,55.89,55.44,54.37,54.37,54.37,54.37,54.37,54.37,54.37,54.37,54.37,54.37,54.37,54.37,54.37,53.49,28.24
HSIC,58.22,58.22,58.22,58.22,58.22,58.22,58.22,58.22,58.22,57.68,57.68,57.68,57.68,57.68,56.73,59.41,59.41,59.41,59.41,59.41,59.41,59.41,59.51,59.51,59.51,59.51,59.51,59.51,59.51,59.51,59.51,59.51,59.51,59.51,56.03,54.41,15.25
HSY,67.79,67.79,67.79,67.79,67.79,67.79,67.79,67.79,67.86,67.42,67.42,67.42,67.5,67.5,67.5,67.47,67.47,67.47,67.47,67.47,67.47,67.47,67.69,65.99,65.99,65.77,65.77,65.77,65.77,64.89,64.89,64.32,64.32,64.32,64.23,62.18,26.33
HES,73.83,73.83,73.83,73.83,73.7,73.7,73.7,73.7,73.7,72.91,72.91,72.91,72.91,76.41,76.41,76.41,76.41,76.41,76.41,76.41,76.41,76.41,76.41,76.41,76.41,76.41,76.71,78.2,78.2,78.2,78.2,78.32,78.32,79.15,79.15,78.37,31.56
HPE,76.42,76.42,78.37,78.37,77.27,77.27,77.27,79.67,79.67,80.22,80.22,80.22,80.22,81.94,80.19,80.19,79.62,79.62,79.62,78.5,78.5,78.5,78.4,78.6,78.6,78.6,79.51,79.51,79.51,79.48,79.48,80.24,80.24,80.22,78.06,17.21,17.21
HLT,65.47,65.47,65.47,65.47,65.22,65.22,65.22,66.02,66.02,66.76,67.33,67.33,67.33,67.33,67.33,67.33,67.33,67.33,67.33,65.81,66.0,66.0,66.1,66.1,66.1,66.1,66.1,66.1,66.1,66.1,66.1,66.1,68.73,68.73,68.73,68.01,20.51
HOLX,48.71,48.71,48.71,48.71,48.71,48.71,48.71,48.71,50.05,50.09,50.09,50.09,50.09,50.09,50.09,50.09,50.09,50.08,50.08,50.08,50.08,51.15,50.85,50.85,50.85,50.85,51.13,51.13,51.09,50.14,49.74,49.74,49.74,49.74,48.98,47.72,36.42
HD,63.26,63.26,63.26,63.26,62.63,62.63,63.39,61.26,61.26,61.63,61.63,61.63,61.63,61.63,61.63,61.63,61.63,61.63,61.63,61.63,68.48,68.48,68.28,68.28,68.28,68.28,68.16,68.16,68.16,68.16,68.16,68.16,68.79,68.81,66.27,13.36,13.36
HON,56.65,56.65,56.65,56.65,56.87,56.87,56.87,56.87,56.87,56.6,56.77,56.77,56.77,56.77,56.77,56.77,56.77,52.45,52.45,52.45,52.45,52.45,52.35,52.35,53.62,53.62,53.62,53.78,53.02,53.02,53.3,53.3,53.3,53.3,53.3,38.5,38.5
HRL,62.93,62.93,62.93,62.93,62.82,62.82,62.82,62.82,62.82,61.72,61.72,61.72,61.72,61.72,61.72,61.72,61.72,61.15,61.15,60.35,60.35,60.25,60.05,58.61,58.61,58.61,59.04,58.37,58.91,58.91,58.91,58.91,58.91,58.91,58.81,57.78,27.96
HST,72.12,72.12,72.12,74.78,74.92,74.92,74.92,74.92,74.92,71.94,71.94,71.94,71.94,71.94,71.94,71.94,71.94,71.94,71.94,71.94,71.94,71.88,72.06,72.06,72.06,72.06,68.17,68.17,68.17,68.17,68.17,68.23,68.23,68.23,68.23,65.5,14.43
HPQ,77.42,77.42,77.42,77.42,77.87,77.87,77.87,76.72,76.72,76.22,76.22,76.22,76.22,76.22,76.22,77.33,77.33,77.33,77.33,77.33,82.62,86.25,86.15,86.43,86.43,86.43,85.86,85.86,85.86,85.86,85.86,85.9,85.9,85.9,87.41,86.84,11.44
HUM,58.13,58.13,58.13,58.87,59.01,59.01,59.01,59.01,59.01,58.58,58.58,58.58,58.58,58.67,58.67,58.74,58.74,58.74,58.74,58.74,58.71,58.71,58.83,58.83,58.83,58.83,58.23,58.23,59.39,59.39,58.6,58.6,58.6,58.46,57.11,55.73,23.54
HBAN,52.7,52.7,52.7,51.56,51.69,50.69,51.69,50.69,50.69,50.53,50.53,50.49,50.49,50.49,50.49,50.49,50.49,50.49,50.49,50.49,50.49,53.38,53.06,53.06,53.06,53.06,53.06,53.06,53.06,53.06,52.69,52.69,57.62,57.62,57.62,57.63,22.96
IBM,72.55,72.55,72.55,72.55,73.05,73.05,73.05,74.82,76.38,76.26,76.26,76.26,76.26,76.26,76.26,76.26,76.26,76.26,76.26,76.26,76.26,74.47,74.47,74.47,74.47,74.47,74.47,74.47,74.02,74.02,74.27,74.27,74.27,74.34,74.46,17.58,17.58
IEX,55.63,55.63,55.63,55.63,55.63,55.63,55.63,55.63,55.63,55.71,55.71,55.71,55.71,55.71,46.88,46.88,46.88,46.88,46.88,46.88,46.88,46.88,46.88,46.88,46.88,46.88,48.54,48.54,48.81,48.81,48.81,48.81,48.81,48.81,48.81,48.44,33.65
IDXX,52.5,52.5,52.5,52.5,51.75,51.75,51.75,51.75,51.75,50.79,50.79,51.22,51.22,51.22,51.22,51.22,51.22,51.22,51.22,51.22,51.22,51.22,51.12,50.72,50.72,50.72,50.72,50.72,50.72,50.72,50.72,50.72,50.72,50.72,50.84,49.97,35.67
ITW,62.26,62.26,63.21,63.21,62.92,62.92,62.92,62.92,62.92,62.73,62.73,62.73,62.73,62.73,62.73,62.73,62.77,70.1,70.15,70.1,70.1,70.1,70.2,70.12,70.12,70.12,69.52,69.52,69.52,72.51,72.51,72.51,72.51,72.51,72.53,20.6,20.6
ILMN,48.76,48.76,48.76,48.76,49.3,49.3,49.3,49.3,54.56,54.13,54.13,59.14,59.14,59.14,59.14,59.14,59.14,59.14,59.14,59.14,59.14,60.1,59.76,59.76,59.76,60.91,60.91,60.91,60.91,60.91,60.48,60.48,60.91,60.91,60.91,59.99,15.07
INCY,48.02,48.02,48.02,48.02,48.02,48.02,48.02,48.02,48.52,48.02,48.02,48.02,48.02,48.02,48.02,48.02,48.02,48.46,48.46,48.46,48.46,48.46,48.46,48.46,48.46,48.46,48.46,48.41,48.27,50.18,50.18,50.18,50.18,50.18,50.18,50.52,28.02
IR,69.56,69.56,69.56,69.56,69.7,69.7,69.7,69.7,69.7,69.79,69.79,69.79,69.79,69.79,69.79,69.79,69.79,69.79,69.79,69.79,69.79,71.6,71.2,71.15,71.15,71.87,71.87,71.87,71.87,71.87,71.87,72.07,72.07,71.27,71.27,70.57,25.2
INTC,84.46,84.46,84.46,84.46,83.65,83.65,83.65,85.9,85.9,85.51,85.51,85.51,85.51,84.61,84.61,84.61,84.61,84.61,86.06,86.02,86.02,86.02,86.12,86.12,86.12,87.11,87.39,87.39,87.39,87.39,87.39,85.88,85.88,85.88,85.88,17.02,17.02
ICE,50.51,50.51,50.51,50.51,50.51,50.51,50.51,50.51,50.51,52.66,52.66,52.66,52.66,52.66,52.66,50.86,50.86,53.97,53.97,53.97,53.97,53.97,53.97,53.97,54.24,54.24,54.24,54.24,54.24,54.24,54.24,54.24,54.24,54.67,54.67,53.96,15.97
IP,66.68,66.68,66.65,68.86,69.12,69.12,69.12,69.12,69.12,69.22,64.55,64.55,64.55,63.98,63.98,63.98,63.98,63.98,63.98,63.98,63.98,63.91,65.43,65.43,65.43,65.43,65.43,65.43,65.15,65.15,65.15,65.15,65.15,65.15,59.62,58.39,26.52
IPG,56.16,56.16,56.16,56.16,55.96,55.96,55.96,55.96,55.96,57.41,57.41,57.41,53.63,59.39,59.39,59.39,59.39,59.39,59.39,59.39,59.39,59.63,59.71,59.71,59.71,59.71,59.47,59.47,59.31,59.85,58.13,58.13,58.13,59.13,59.13,57.46,16.14
IFF,68.5,68.5,68.5,68.5,68.5,68.5,68.5,68.6,68.6,68.16,68.16,68.16,68.16,68.16,68.16,68.16,68.16,68.16,74.05,74.05,74.05,74.05,74.16,74.16,74.16,74.16,73.28,73.28,73.28,73.28,73.55,73.55,73.55,74.28,80.05,79.31,24.86
INTU,59.2,59.2,59.2,59.2,60.2,60.2,60.2,60.2,60.2,61.96,61.96,61.96,63.14,66.19,66.19,66.19,66.19,66.19,66.19,66.19,66.19,66.19,66.09,66.12,66.12,66.12,63.36,62.48,62.48,62.48,60.88,60.88,60.88,60.68,60.68,58.63,18.15
ISRG,47.28,47.28,47.28,47.28,47.28,47.28,47.28,47.28,47.28,46.55,46.55,46.55,46.55,46.55,46.91,46.91,46.91,46.91,46.91,46.91,46.91,46.91,46.91,47.01,47.76,47.76,47.76,48.04,48.04,48.04,48.04,48.04,48.04,48.04,48.04,47.09,35.12
IVZ,63.49,63.49,63.49,63.49,63.49,63.49,63.49,64.44,64.44,64.76,64.76,64.76,64.76,64.76,64.76,64.76,64.71,64.71,64.71,64.71,64.71,65.03,65.24,65.24,65.24,65.24,65.24,65.24,65.24,65.24,65.24,65.24,65.24,65.24,65.47,64.57,26.04
